MI,No.overlap
0.033380149,8386
0.036983042,7085
0.082003507,11277
0.098365862,11726
0.033547326,5532
0.057305812,7628
0.043832588,6265
0.084292791,9495
0.050486763,6513
0.087864766,9588
0.084724065,9128
0.118005441,11149
0.086061746,8565
0.084919633,8294
0.04205506,5097
0.074800988,7295
0.073270279,7077
0.07122331,6890
0.050982348,5371
0.023424946,3433
0.104892642,8836
0.149325196,11637
0.122651088,9715
0.100095882,8210
0.100429709,8158
0.242832283,16949
0.044935216,4525
0.073674691,6321
0.324623693,21777
0.504716912,32707
0.164739472,11746
0.061262651,5409
0.048968703,4622
0.34343511,22361
0.125321258,9157
0.339954661,21527
0.087213367,6646
0.299730848,18949
0.115469187,8244
0.065023633,5321
0.237190787,15022
0.066282235,5247
0.30891773,18541
0.035139409,3396
0.136257431,8750
0.060719987,4670
0.151231695,9435
0.097702755,6584
0.046086692,3846
0.269589551,15400
0.757288956,40555
0.32013232,17884
0.333389187,18553
0.062903139,4617
0.137699654,8377
0.317165428,17474
0.071726321,5007
0.079382403,5355
0.411118067,22023
0.393139257,21112
0.197004092,11222
0.342276632,18282
0.320240339,17052
0.383393228,20048
0.171487955,9699
0.351635022,18399
0.12860876,7543
0.183390075,10191
0.234899589,12643
0.189841637,10414
0.405117484,20323
0.336172624,16911
0.120668944,6796
0.102929638,5973
0.34498045,17078
0.052640466,3651
0.251005561,12621
0.151275319,8051
0.317426839,15400
0.106125033,5954
0.160781712,8292
0.351679097,16689
0.248360076,11913
0.360102506,16609
0.344131668,15912
0.184786487,9079
0.373626971,17072
0.179092583,8776
0.375046148,17091
0.38034564,17312
0.08947711,4923
0.065173616,3892
0.315884396,14436
0.040924496,2860
0.239913141,11154
0.18397878,8816
0.260920248,12027
0.298887153,13594
0.146125296,7202
0.274019719,12453
0.331682749,14811
0.291131575,13122
0.463162572,20191
0.434268721,18913
0.102426045,5300
0.183093006,8559
0.320910365,14054
0.227531177,10245
0.307311194,13387
0.114056057,5629
0.165386325,7649
0.443065798,18626
0.372086947,15739
0.348922007,14733
0.088212474,4469
0.326829365,13506
0.449724129,18161
0.298998355,12410
0.427637227,17265
0.321407308,13207
0.578518074,22920
0.339023443,13852
0.311443699,12770
0.352363901,14308
0.10533905,4994
0.165373944,7235
0.2085577,8754
0.154537875,6695
0.431583408,16856
0.390393661,15341
0.340490393,13422
0.342632428,13452
0.372797445,14548
0.282052904,11239
0.718798314,27100
0.425646553,16436
0.417871871,16110
0.386761468,14977
0.532487051,20226
0.166324835,6989
0.311128315,12217
0.394489126,15224
0.2115497,8614
0.488685034,18552
0.404006522,15489
0.391016043,15007
0.296982135,11631
0.315645504,12275
0.083829812,3971
0.45300315,17174
0.480270506,18132
0.332762884,12849
0.300675465,11681
0.172280851,7102
0.108870251,4825
0.407616572,15390
0.352987511,13438
0.366899947,13874
0.320367668,12223
0.328237573,12429
0.256615613,9920
0.253291006,9785
0.269777141,10325
0.195420844,7725
0.097325248,4317
0.223989858,8664
0.43619497,15978
0.440044626,16020
0.382870579,14042
0.278617259,10463
0.404541317,14769
0.194621134,7581
0.301886091,11239
0.458698952,16584
0.344973266,12674
0.424914754,15381
0.331694051,12129
0.222421691,8403
0.248256105,9262
0.377247492,13548
0.34530645,12421
0.471797274,16621
0.298039071,10809
0.254969834,9334
0.442216164,15487
0.265446522,9629
0.534374383,18411
0.384113003,13437
0.428782651,14827
0.269525068,9600
0.440394746,15080
0.48373396,16445
0.056812132,2699
0.25600185,9096
0.065611525,2980
0.48432351,16423
0.704006764,23472
0.232578894,8319
0.388649211,13311
0.417514845,14169
0.031882919,1879
0.294775835,10236
0.35154989,11968
0.307538415,10565
0.084241233,3490
0.26716821,9200
0.189913016,6784
0.362759218,12171
0.229663982,8014
0.586649215,19067
0.231266393,8025
0.30986469,10400
0.38750169,12721
0.51143057,16498
0.461939397,14950
0.63668962,20045
0.234846843,7907
0.087753219,3466
0.199729761,6825
0.303963195,9951
0.214942329,7255
0.27901392,9172
0.150725795,5315
0.186660579,6384
0.076448218,3090
0.08732227,3409
0.288691074,9400
0.18395311,6283
0.477065523,15000
0.285052369,9279
0.469354078,14663
0.387020634,12153
0.469438262,14557
0.300814258,9598
0.081274565,3165
0.287384704,9165
0.400039369,12421
0.410707286,12727
0.337679365,10595
0.445354138,13718
0.385918323,11941
0.448767749,13734
0.342376571,10654
0.913970851,27039
0.442189493,13434
0.513760108,15456
0.50362486,15166
0.145263103,4926
0.605613323,18072
0.35897227,10963
0.391638591,11879
0.354621145,10810
0.392583336,11857
0.270970797,8421
0.406862031,12258
0.443179976,13199
0.384440596,11530
0.08497039,3140
0.243874367,7482
0.402514571,11831
0.250251213,7634
0.230455297,7076
0.446225347,12927
0.238119234,7241
0.245144059,7413
0.212297293,6508
0.388857704,11305
0.356192682,10397
0.20493178,6290
0.291541551,8629
0.392877057,11367
0.1868504,5777
0.404798311,11647
0.359588145,10422
0.452535378,12912
0.229933854,6893
0.536885341,15075
0.362580397,10413
0.473259343,13358
0.336988194,9706
0.45917398,12948
0.534552007,14939
0.383194962,10900
0.615892603,17038
0.146237767,4594
0.04911656,2020
0.379629422,10764
0.245674401,7198
0.370357398,10484
0.304126806,8726
0.497148353,13789
0.528416221,14583
0.478359645,13254
0.382473071,10732
0.552848981,15164
0.6142267,16750
0.337852425,9508
0.323317772,9126
0.431377048,11937
0.418256189,11591
0.115458789,3711
0.373854712,10430
0.184143193,5495
0.272279887,7749
0.383628718,10626
0.408133058,11240
0.223673093,6475
0.336145219,9348
0.433804589,11860
0.167870289,4996
0.275313719,7740
0.467521118,12656
0.140955706,4301
0.1838336,5381
0.396842443,10783
0.315270798,8692
0.461714372,12406
0.106568309,3387
0.384111235,10388
0.234138112,6597
0.416245275,11157
0.19268919,5530
0.599888592,15755
0.379572753,10187
0.426346841,11278
0.733387372,18902
0.75973611,19531
0.238917034,6584
0.419975705,11019
0.364392039,9648
0.360776212,9556
0.32446251,8652
0.458376519,11936
0.147721496,4297
0.03563542,1537
0.211407001,5837
0.319741304,8481
0.719809223,18191
0.492069949,12643
0.233266284,6336
0.12153886,3607
0.257094366,6879
0.581201347,14711
0.37382559,9692
0.941779493,23384
0.033592804,1466
0.307590028,8064
0.180330417,4976
0.440805563,11221
0.753446645,18715
0.322990903,8395
0.35528431,9168
0.383001413,9832
0.476239723,12044
0.427660386,10870
0.582000126,14558
0.610914548,15243
0.326534849,8446
0.358560957,9209
0.20845616,5624
0.276490522,7242
0.506933455,12688
0.370455875,9421
0.150024617,4197
0.351079496,8937
0.330209282,8434
0.506307932,12550
0.756917814,18388
0.051595688,1844
0.395879198,9900
0.667454593,16225
0.214608988,5646
0.651418573,15840
0.536433659,13146
0.253883424,6531
0.252135085,6490
0.271113615,6921
0.445266915,10921
0.255155442,6524
0.03374313,1404
0.313206785,7841
0.311152748,7780
0.019835184,1081
0.453942713,11048
0.680305029,16224
0.467210737,11325
0.563954749,13534
0.301393624,7522
0.665931896,15857
0.251971271,6385
0.674108704,16039
0.107124954,3069
0.637579149,15146
0.080538533,2452
0.230878082,5869
0.265081146,6645
0.214583823,5495
0.063032497,2050
0.40425942,9784
0.073098687,2270
0.401909203,9706
0.445703825,10693
0.602051676,14228
0.257040494,6424
0.417489783,10044
0.246951332,6182
0.63082557,14801
0.401392429,9598
0.240329011,5984
0.575516829,13481
0.422976911,10050
0.207939019,5226
0.189132856,4800
0.425479772,10025
0.373175937,8853
0.23381279,5764
0.627166216,14437
0.497743626,11575
0.817789081,18590
0.430002065,10051
0.329583953,7839
0.437836303,10210
0.31545042,7484
0.174493479,4401
0.519135016,11917
0.444986726,10291
0.194814999,4834
0.432545188,10009
0.477840128,10978
0.317516281,7492
0.478881779,10995
0.132937775,3473
0.369097932,8583
0.349781159,8163
0.516542112,11761
0.568833095,12889
0.209098523,5100
0.441215521,10104
0.51438918,11661
0.136929145,3528
1.038839432,22894
0.453552703,10320
0.234359376,5598
0.545160459,12210
0.498145151,11204
0.396985598,9043
0.076410121,2201
0.284575506,6616
0.771212128,16932
0.506924151,11325
0.27738379,6452
0.61650944,13626
0.406278202,9162
0.063614763,1917
0.488472742,10861
0.101822091,2716
0.216425209,5124
0.282481461,6507
0.271090394,6260
0.394032238,8837
0.224178913,5272
0.342009708,7729
0.599417312,13110
0.46178802,10221
0.33130125,7481
0.470507068,10382
0.355370206,7975
0.453909639,10015
0.360484848,8059
0.213781454,5008
0.579418044,12597
0.218704898,5087
0.382966863,8481
0.194707964,4579
0.609495645,13073
0.124053842,3101
0.106602712,2743
0.659643686,13965
0.585154754,12450
0.445320831,9600
0.501568865,10736
0.19598095,4524
0.357984353,7788
0.583870355,12355
0.260113681,5803
0.545350399,11560
0.64916245,13652
0.376236083,8110
0.283053616,6225
0.246064545,5482
0.276118518,6078
0.483503243,10227
0.615571344,12838
0.579817181,12087
0.214548139,4813
0.553134027,11453
0.348434577,7402
0.436955196,9105
0.390911856,8200
0.248247871,5401
0.526898963,10856
0.189436347,4236
0.479684684,9902
0.399332106,8325
0.302667878,6438
0.245345695,5301
0.23538033,5101
0.249883207,5373
0.693420857,13952
0.888225276,17701
0.42334781,8706
0.645705047,13001
1.120834793,22177
0.430072553,8822
0.314493075,6576
0.452204524,9217
0.308354528,6449
0.267927876,5670
0.38307285,7845
0.294906111,6156
0.01713311,846
0.092428097,2282
0.019437197,889
0.250249174,5279
0.408190828,8275
0.882365556,17251
0.381105107,7733
0.59472026,11775
0.380673522,7708
0.350706607,7127
0.278795641,5745
0.093856118,2271
0.479684319,9495
0.339666221,6869
0.412722886,8218
0.288058755,5882
0.364599415,7309
0.097926028,2331
0.101768138,2401
0.359467448,7194
0.473364221,9308
0.274870946,5614
0.670918778,12972
0.220939956,4600
0.383848535,7620
0.705508163,13577
0.492240559,9618
0.16569287,3569
0.417218835,8215
0.760280478,14548
0.381947382,7525
0.397679841,7809
0.225019622,4628
0.33227902,6581
0.560829722,10738
0.4019232,7815
0.094594562,2202
0.350299353,6820
0.487962204,9287
0.438693816,8397
0.642058418,12057
0.335432476,6527
0.422120635,8057
0.432077846,8234
0.319407153,6212
0.088915029,2080
0.127341985,2767
0.0542505,1458
0.624767679,11670
0.252849062,4997
0.64374362,11944
0.17008122,3506
0.740099851,13621
0.078287997,1872
0.418912407,7900
0.04137158,1213
0.105880584,2347
0.463378635,8643
0.416917957,7816
0.464810829,8647
0.358754363,6762
0.258453059,5004
0.305085476,5818
0.285193742,5464
0.307025385,5828
0.327833156,6186
0.045346341,1263
0.255900533,4915
0.44013195,8082
0.67895619,12211
0.122974651,2596
0.61069346,11018
0.239955475,4614
0.273860407,5194
0.149201142,3043
0.363713879,6737
0.157062952,3175
0.60568917,10890
0.494918311,8976
0.026523996,923
0.287016369,5395
0.465276446,8454
0.480169075,8701
0.37632693,6915
0.788340747,13971
0.710219496,12628
0.64868095,11564
0.290364539,5432
0.577213003,10323
0.198973143,3851
0.090215616,1997
0.28110163,5238
0.358611708,6513
0.355760173,6463
0.327694446,5981
0.313172728,5724
0.107714603,2267
0.66286751,11579
0.392269737,7025
0.49682703,8763
0.602860007,10528
0.650983492,11331
0.373701541,6666
0.410964487,7270
0.495105502,8622
0.321262402,5749
0.547721619,9477
0.086789962,1878
0.731341547,12466
0.694210993,11844
0.471151652,8179
0.493895133,8549
0.670247073,11418
0.327952248,5801
0.677092085,11501
0.266609641,4785
0.478101987,8225
0.110364277,2239
0.135436097,2646
0.308098011,5439
0.430588309,7416
0.255783929,4582
0.385090384,6666
0.555033327,9409
0.247184975,4429
0.301829824,5304
0.532613813,9000
0.417869968,7155
0.421522117,7211
0.490780739,8318
0.252899174,4497
0.528640684,8920
0.732529579,12186
0.116796507,2306
0.296213105,5171
0.028545445,890
0.559159359,9360
0.475098558,8016
0.510200395,8572
0.355340072,6086
0.379101359,6457
0.673835317,11133
0.209070597,3739
1.015492082,16485
0.352274773,5998
0.437485185,7343
0.249063104,4364
0.362234214,6151
0.904809068,14703
0.219244431,3886
0.567185101,9338
0.213663881,3782
0.074105675,1590
0.084880629,1759
0.183591785,3306
0.443300132,7369
0.392890694,6571
0.218984689,3834
0.621842177,10108
0.212021013,3725
0.146103107,2691
0.054730892,1271
0.345529027,5782
0.530047571,8626
0.455285709,7451
0.365217765,6059
0.878530346,13964
0.517346004,8394
0.132021701,2451
0.062249958,1375
0.430428954,7034
0.382146817,6290
0.10024237,1956
0.059868268,1336
0.38963299,6393
0.300943618,5021
0.097000685,1900
0.495379266,7994
0.233796651,3992
0.921564146,14490
0.982035708,15374
0.598989299,9536
0.293672749,4872
0.417247698,6730
0.086209195,1715
0.670042932,10538
0.275154633,4564
0.2644808,4389
0.309269616,5058
0.037051806,965
0.393994218,6326
0.152772279,2699
0.554528897,8724
0.204730327,3476
0.311427464,5067
1.054724021,16164
0.177327105,3048
0.299343534,4863
0.116304412,2136
0.181196223,3094
0.527159,8215
0.147847868,2592
0.510642385,7953
0.341300447,5439
0.265178584,4310
0.194319752,3265
0.602433708,9246
0.213300231,3528
0.195153929,3261
0.556576542,8553
0.238680969,3895
0.349780931,5513
0.478959308,7399
0.445364213,6905
1.195676585,17812
0.650648997,9854
0.601826627,9142
0.189416184,3138
0.287620318,4559
0.096738469,1787
0.19711191,3224
0.829596228,12303
0.504293686,7616
0.136219692,2341
0.57077225,8566
0.103353063,1867
0.656915284,9779
0.291635828,4539
0.172725799,2841
0.162430031,2690
0.314714841,4844
0.366643635,5559
0.299893304,4615
0.093381726,1700
0.448985943,6713
0.237911459,3732
0.523511553,7735
0.455473998,6779
0.462857067,6875
0.831171833,12030
0.388543409,5824
0.42667654,6353
0.313346616,4766
0.297064914,4531
0.036936751,896
0.082782491,1536
0.425537847,6300
0.291382207,4422
0.134024088,2237
0.426319695,6281
0.25204919,3859
0.074045586,1399
0.543441485,7872
0.396180429,5839
0.068317343,1317
0.419471838,6156
0.484037658,7040
0.137555927,2266
0.178951455,2833
0.405553048,5945
0.692793031,9870
0.536033626,7721
0.239300924,3645
0.131427487,2167
0.402731689,5868
0.257797888,3885
0.21133547,3249
0.397827656,5788
0.651728514,9243
0.111655997,1887
0.234606444,3558
0.302413575,4477
0.833631844,11691
0.610874052,8661
0.37081162,5399
0.708052869,9949
0.457128778,6552
0.466092513,6666
0.232214596,3500
0.176453263,2747
0.156785258,2480
0.745532398,10414
0.587268855,8281
0.461958542,6585
0.386980329,5572
0.019165479,623
0.25698307,3816
0.350350439,5060
0.116419081,1924
1.180192833,16166
0.413337252,5898
0.127129153,2064
0.417861355,5950
0.165154341,2571
0.201012089,3050
0.41833382,5951
0.476234252,6724
0.548971627,7694
0.230693149,3442
0.206858387,3123
0.436931867,6191
0.310190393,4500
0.160720835,2506
0.504673294,7087
0.073154004,1333
0.69116398,9539
0.349827336,5003
0.279426512,4068
0.605977379,8398
0.145797708,2294
0.930646319,12686
0.456978748,6404
0.072575642,1319
0.551596207,7652
1.235295975,16658
0.022288214,651
0.784482156,10666
0.266548718,3845
0.668387214,9096
1.037519823,13865
0.68563679,9280
0.204039406,3008
0.270563559,3868
0.280379248,3995
0.35880424,5012
0.261313662,3746
0.207579255,3043
1.09637943,14560
0.028950701,725
0.213072961,3102
0.261809608,3728
0.672194748,9018
0.650888815,8728
0.242872203,3475
0.465345521,6332
0.177238574,2617
0.513006219,6913
0.13026425,2010
0.308527015,4279
0.2969414,4131
0.031013707,740
0.438947725,5916
1.105649213,14340
0.176994448,2584
0.619507033,8170
0.543654008,7199
0.274687895,3805
0.219533911,3108
0.526376972,6954
0.29057355,3988
0.568909268,7479
0.283596008,3888
0.209957488,2965
0.062954256,1126
0.302342962,4105
0.265482241,3639
0.47277246,6213
0.146141583,2148
0.745921813,9568
0.225000474,3114
0.324222354,4336
0.228567446,3153
0.280078708,3786
0.545933733,7052
0.456825208,5938
0.320596458,4256
0.118231744,1779
0.056619549,1025
0.071577678,1207
0.28911945,3861
0.148433,2143
0.142221815,2067
0.208711183,2877
0.872979708,10967
0.202558935,2797
0.251512234,3387
0.161618742,2285
0.446906144,5735
0.645483541,8137
0.168024833,2359
0.419908571,5398
0.340775125,4430
0.630607532,7906
0.29417214,3862
0.657387096,8217
0.164595967,2300
0.255176738,3386
0.014692199,502
0.353727079,4566
0.247393381,3284
0.354966909,4569
0.20473952,2770
0.578810548,7227
0.337885418,4348
0.171211583,2358
0.62708401,7774
0.322264422,4139
0.524398011,6523
0.198510509,2668
0.674245802,8289
0.450195809,5640
0.133894686,1903
0.344808087,4392
0.335827479,4281
0.262473061,3412
0.225225332,2972
0.326437413,4159
0.207014213,2746
0.388998015,4877
0.171210823,2314
0.193370363,2565
0.211020231,2768
0.666816023,8063
0.418286149,5173
0.797573135,9574
0.365189195,4548
0.35132225,4386
0.296338321,3747
0.413005795,5090
0.180389258,2400
0.135127556,1871
0.161522708,2173
0.072411338,1146
0.569861145,6854
0.416278527,5089
0.959635108,11318
0.668374034,7933
0.253476677,3201
0.13124094,1806
0.2097317,2698
0.245310165,3103
0.369301488,4509
0.193897736,2514
0.388796375,4730
0.082517055,1245
0.433495329,5221
0.447487811,5374
0.794705467,9295
0.328051635,4017
0.316305571,3880
0.186979288,2409
0.068903055,1080
0.672321324,7853
0.33671471,4072
0.153204906,2017
0.478783851,5645
0.351868255,4228
0.12784846,1726
0.059179034,961
0.069366946,1074
0.240377785,2974
0.45997493,5406
0.816186197,9352
0.363871545,4334
0.472614114,5532
0.22191446,2756
0.088154684,1275
0.241062936,2964
0.165286209,2126
0.036983336,708
0.320912346,3840
0.915710261,10400
0.546470254,6322
0.203540352,2542
0.2915966,3511
0.273947233,3316
0.262430496,3187
0.230305984,2832
0.307648695,3682
0.471340097,5474
0.168044472,2141
0.249628892,3032
0.516072273,5941
0.163665572,2086
0.200979111,2492
0.628303547,7150
0.324523384,3835
0.132887186,1743
0.161805862,2051
0.796471386,8920
0.775646077,8668
0.145397465,1862
0.694688626,7780
0.713593688,7983
0.014664609,451
0.131970777,1715
0.449505372,5132
0.282845001,3333
0.293064268,3440
0.246362912,2936
0.159252433,2000
0.455296396,5174
0.313335775,3648
0.189252366,2316
0.394994135,4517
0.329543187,3816
0.317159149,3679
0.482054212,5440
0.430015237,4884
0.098572638,1343
0.021721847,522
0.281207061,3291
0.758191037,8379
1.112907765,12133
0.100048062,1353
0.252718645,2975
0.251242428,2957
0.184747035,2250
0.736027231,8094
0.273444532,3187
0.230384488,2729
0.27534139,3205
0.252596388,2963
0.236888183,2793
0.196995472,2371
0.034220291,649
0.04244378,734
0.180268202,2186
0.169451232,2072
0.161233312,1985
0.161816792,1984
0.202764705,2412
0.153433754,1893
0.776213637,8398
0.171088697,2071
0.223751573,2616
0.44140203,4881
0.739545676,7976
0.290803298,3305
0.340464864,3820
0.349752489,3914
0.466985495,5130
0.654477748,7061
0.797811699,8543
0.156072247,1895
0.150332186,1835
0.410983339,4521
0.170947786,2042
0.39381271,4338
0.398679584,4384
0.65143804,6982
0.066597867,964
0.144608566,1765
0.390078161,4285
0.356549313,3931
0.9682042,10183
0.393748715,4305
0.391803019,4285
0.465315157,5034
0.442376667,4799
0.59735963,6381
0.663057762,7044
0.228576308,2610
0.198766589,2303
0.217945592,2497
0.16928931,2000
0.207526856,2388
0.216660118,2475
0.122961511,1522
0.235666443,2663
0.015888738,436
0.189255717,2190
0.138193343,1670
0.297727553,3274
0.352240817,3819
0.85166925,8842
0.19956194,2276
0.028931289,563
0.457387134,4856
0.460404207,4873
0.118010539,1450
0.328486123,3549
0.543515501,5678
0.495927793,5203
0.062500331,892
0.156054257,1821
0.293909631,3190
0.474410848,4978
0.136457919,1624
0.085843456,1120
0.562311483,5841
0.219504977,2444
0.227860687,2526
0.30424293,3276
0.585759531,6055
0.164884402,1896
0.015393074,420
0.171740676,1962
0.379660408,4012
0.146548437,1713
0.122684425,1477
0.339928697,3608
0.170005257,1937
0.094780501,1197
0.354188625,3740
0.095169874,1199
0.205639623,2278
0.600105184,6135
0.023328048,494
0.456782743,4728
0.433288684,4489
0.380350533,3971
0.242535881,2627
0.296621177,3153
0.603881631,6141
0.13366745,1562
0.345204295,3616
1.080427917,10748
0.022749397,484
0.231626153,2505
0.196713519,2167
0.431761082,4439
0.386094452,3988
0.28786644,3039
0.359543604,3730
0.500750678,5090
0.38784986,3998
0.670440912,6713
0.244793885,2611
0.5433063,5474
0.388724768,3989
0.367702078,3781
0.398514382,4071
0.11531165,1362
0.829352007,8176
0.17452776,1925
0.026447786,511
0.156089925,1745
0.084578031,1063
0.049919992,733
0.165452077,1827
0.176523074,1931
0.125993142,1452
0.102037451,1223
0.545206218,5412
1.077653584,10437
0.076515797,978
0.252755101,2640
0.111760747,1310
0.399298664,4017
0.228875002,2410
0.208265775,2211
0.115436554,1337
0.179334487,1936
0.179250616,1935
0.221253562,2327
0.212733702,2247
0.798585597,7732
0.386133395,3868
0.14925302,1650
0.636540177,6206
0.109333515,1276
0.670985851,6519
0.104763984,1230
0.407346032,4048
0.373294488,3728
0.548255376,5356
0.115833294,1331
0.329381065,3316
0.267903003,2742
0.369105148,3678
0.047851565,696
0.344146061,3444
0.014006254,382
0.309473819,3122
0.178252393,1904
0.118403317,1349
0.122454003,1386
0.147732763,1618
0.299920712,3024
1.162811597,10997
0.161357213,1741
0.393781612,3887
0.61343729,5904
0.086173028,1044
0.043405459,649
0.571730212,5502
0.208779158,2166
0.724488693,6891
0.357118171,3513
0.091788281,1086
0.4264917,4128
0.166792027,1765
0.148456676,1593
0.268023199,2677
0.082916012,998
0.187861849,1946
0.509822401,4857
0.160605502,1698
0.160362996,1694
0.231040899,2330
0.489385949,4660
1.033313816,9562
0.757162268,7071
0.344515554,3350
0.254368,2535
0.127350223,1391
0.191268932,1966
0.257615845,2563
0.09207097,1072
0.03145258,526
0.063116574,810
0.19184993,1964
0.368381081,3546
0.83558601,7732
0.47027332,4448
0.135600186,1455
0.279308878,2739
0.435565487,4122
0.038653566,586
0.209363588,2104
0.137116426,1461
0.884396257,8096
0.161721482,1676
0.262810281,2572
0.337773819,3234
0.211281669,2112
0.1914242,1935
0.45221899,4243
0.227697939,2251
0.196470439,1974
0.30083737,2894
0.19315357,1936
0.502615175,4654
0.280318364,2699
0.605513293,5546
0.548271462,5040
0.260344494,2513
0.44811948,4154
0.227528034,2226
0.311813312,2961
0.655526591,5963
0.258927926,2499
0.146171902,1514
0.124330272,1320
0.310038549,2937
0.679698101,6152
0.029349857,492
0.037313934,561
0.28657017,2728
0.23972763,2320
0.352048809,3292
0.3250265,3052
0.032141597,513
0.515814318,4681
0.099333116,1090
0.235146104,2260
0.368137117,3405
0.073102461,862
0.227309885,2186
0.020239348,407
0.215501056,2082
0.380608188,3497
0.390808222,3584
0.419097652,3809
0.101751023,1100
0.331215555,3056
0.189959801,1850
0.379831267,3465
0.196031451,1900
0.279632807,2611
0.503654267,4517
0.145948941,1473
0.188905859,1838
0.347008697,3179
0.178423725,1746
0.285122156,2652
0.876800911,7669
0.377686133,3426
0.130750242,1336
0.11131208,1171
0.028900431,474
0.35276897,3211
0.242884819,2280
0.177026407,1724
0.358464954,3255
0.364256596,3301
0.233138839,2194
0.016009254,364
0.13835156,1394
0.510418622,4525
0.209746865,1994
0.552901552,4878
0.289880762,2666
0.185757801,1790
0.374709361,3375
0.199426683,1902
0.027874277,462
0.314644136,2865
0.124741774,1273
0.022015118,412
0.324444695,2944
0.488862015,4316
0.145966228,1447
0.15046153,1483
0.464159222,4097
0.284620995,2597
0.057735878,707
0.231177023,2146
0.429484188,3792
0.210555258,1974
0.202969938,1907
0.235074055,2173
0.222671991,2069
0.294944647,2667
0.193944215,1830
0.27826492,2527
0.022004668,406
0.352449304,3132
0.314560633,2815
0.176946242,1681
0.438541786,3834
0.194294815,1822
0.021318753,399
0.260168286,2363
0.188882255,1776
0.207055403,1925
0.599650039,5147
0.326844656,2906
0.201515847,1877
0.36540708,3220
0.137459668,1349
0.288884263,2587
0.685334193,5830
0.551570958,4732
0.394721922,3449
0.348673944,3070
0.326266656,2886
0.119697401,1199
0.205216099,1895
0.17782072,1671
0.151380939,1455
0.138831344,1351
0.246191732,2224
0.120400564,1200
0.03185169,480
0.864947578,7250
0.32763264,2875
0.111204768,1119
0.422211564,3632
0.426583119,3663
0.030274718,463
0.195426346,1792
0.907182288,7515
0.226853942,2036
0.15592098,1464
0.066995574,752
0.131897826,1270
0.159074266,1485
0.326695035,2820
0.332746982,2862
0.113675341,1117
0.034007424,485
0.78935626,6464
0.409216543,3452
0.21956308,1951
0.353457935,3006
0.116433166,1131
0.561150091,4625
0.27380777,2364
0.284856378,2449
0.258791049,2237
0.20783958,1838
0.749431093,6070
0.596296374,4873
0.182686191,1640
0.042902609,547
0.477133712,3935
0.188039652,1679
0.015650617,334
0.031604016,458
0.317514452,2685
0.391792808,3263
0.904990634,7248
0.081371081,844
0.744279498,5987
0.186591052,1659
0.222960268,1940
0.295778897,2504
0.410407716,3391
0.16965785,1524
0.032030137,458
0.205180652,1794
0.10111381,989
0.330385556,2754
0.23045391,1984
0.235814476,2024
0.363674795,3007
0.196284357,1716
0.150975622,1368
0.633759977,5065
0.226616805,1941
0.419593165,3414
0.225773725,1931
0.783707905,6185
0.439333245,3558
0.355987507,2922
0.294109356,2450
0.420950145,3410
0.298095173,2475
0.468041918,3767
0.323375903,2666
0.256066508,2154
0.418444718,3387
0.15828088,1409
0.169930255,1497
0.333409157,2735
0.25484934,2139
0.341880343,2794
0.152491849,1358
0.282762056,2342
0.413336201,3326
0.381437477,3084
0.328078031,2681
0.33917717,2764
0.362937767,2941
0.31015813,2543
0.23839683,2002
0.161138492,1414
0.154812,1366
0.140220809,1256
0.1959512,1674
0.249801612,2077
0.081499329,814
0.183118301,1573
0.166902348,1450
0.126173305,1145
0.471954402,3721
0.18962901,1616
0.159860942,1394
0.308325427,2500
0.412469069,3275
0.16878597,1459
0.043752826,528
0.103731317,974
1.040984469,7944
0.047257397,553
0.174302824,1495
0.251912483,2070
0.452752787,3556
0.228722826,1895
0.409639369,3234
0.774537576,5931
0.223349174,1851
0.542271775,4200
0.222100374,1835
0.199411636,1667
0.212309248,1761
0.170996724,1457
0.26303462,2133
0.409605968,3209
0.08818203,847
0.207634937,1722
0.506654497,3914
0.271790994,2192
0.432705454,3368
0.246880849,2001
0.468819828,3617
0.580769932,4427
0.327935889,2585
0.215127538,1761
0.779001585,5857
0.303528484,2401
0.199531839,1642
0.251036108,2014
0.119995662,1065
0.156130084,1325
0.237816956,1915
0.125496932,1103
0.02972453,410
0.200227924,1637
0.057504581,609
0.393333634,3018
0.154317314,1302
0.437952515,3335
0.226665098,1818
0.317337991,2465
0.062972875,645
0.033358949,433
0.531766336,3997
0.037208432,460
0.467592448,3534
0.04314657,502
0.283503982,2217
0.065074392,658
0.234989153,1869
0.203220701,1642
0.027000531,386
0.286356423,2233
0.361455118,2766
0.463028136,3486
0.193511988,1569
0.440706196,3325
0.263393919,2061
0.178759825,1457
0.182171061,1480
0.182287554,1477
0.210679557,1675
0.033665035,428
0.034239096,432
0.543879333,4012
0.221064323,1744
0.184195902,1481
0.450229224,3344
0.249440126,1935
0.200692568,1594
0.126376093,1073
0.267918348,2062
0.228524842,1785
0.233173248,1817
0.236596144,1839
0.180147241,1445
0.438475139,3245
0.144341874,1195
0.026077297,371
0.330375339,2490
0.846528243,6084
0.357189135,2675
0.298783268,2268
0.048187548,523
0.312686051,2357
0.298426042,2257
0.339284044,2533
0.356790916,2654
0.396392602,2927
0.293378591,2213
0.097881649,863
0.221442571,1715
0.214717396,1665
0.309173713,2312
0.348864085,2584
0.213486173,1653
0.692715062,4943
0.241978881,1843
0.293559432,2195
0.970184136,6824
0.040502686,463
0.123516978,1030
0.198061623,1539
0.289920543,2166
0.343553388,2529
0.056816552,573
0.495338321,3564
0.363326661,2663
0.222043623,1699
0.154965029,1241
0.616399725,4373
0.292192615,2168
0.336548055,2469
0.206319006,1584
0.198813129,1532
0.272116071,2028
0.661785772,4668
0.301452478,2224
0.290981244,2152
0.038385588,443
0.40182499,2897
0.210829088,1607
0.086065791,764
0.401887597,2890
0.231160158,1740
0.371170479,2678
0.084362914,749
0.272707294,2012
0.145512467,1158
0.418214826,2982
0.180287138,1387
0.148949226,1177
0.267359874,1967
0.610603674,4256
0.412087864,2931
0.081951254,728
0.271676929,1991
0.296073051,2151
0.306079102,2217
0.357417302,2557
0.512411389,3581
0.174361399,1335
0.235129552,1734
0.0418431,456
0.307887585,2213
0.418936437,2945
0.425571406,2987
0.265141604,1926
0.870955069,5917
0.459202835,3204
0.287693659,2070
0.395041676,2774
0.25356964,1842
0.231220321,1692
0.59915611,4094
0.074445492,664
0.16577251,1259
0.466226485,3213
0.362370721,2531
0.082654193,713
0.164775632,1246
0.150503187,1152
0.185235028,1376
0.348029321,2430
0.040190434,436
0.388722952,2691
0.153307454,1167
0.02747361,353
0.123101326,970
0.312741246,2190
0.528621035,3576
0.682818128,4559
0.454177546,3086
0.176106262,1302
0.098671886,806
0.227924592,1631
0.745517935,4940
0.351214477,2415
0.298395746,2077
0.178180452,1309
0.094722479,777
0.38755859,2642
0.036878304,408
0.035494232,399
0.199143353,1440
0.234562911,1665
0.031701915,374
0.137362233,1044
0.588188099,3902
0.268185584,1871
0.194577142,1404
0.830703183,5431
0.504213506,3362
0.165567136,1219
0.203656986,1459
0.337468268,2304
0.394266787,2662
0.072243591,627
0.763362924,4969
0.208603135,1482
0.255743208,1778
0.507363311,3356
0.133970817,1011
0.17581229,1273
0.095644871,770
0.174823451,1265
0.258501439,1788
0.355775707,2395
0.514875172,3389
0.102878147,813
0.120994305,926
0.030761068,362
0.177629387,1277
0.458314018,3026
0.080642682,672
0.100873748,797
0.152955306,1121
0.220047412,1537
0.31483821,2118
0.352558622,2346
0.129895071,970
0.230581616,1591
0.26065613,1774
0.277482027,1877
0.120392787,909
0.420806618,2757
0.109979056,844
0.05069609,479
0.239932439,1642
0.437642739,2854
0.056114264,511
0.427051231,2786
0.160197065,1149
0.372235114,2447
1.09867143,6896
0.165018632,1176
0.111689244,848
0.047717035,457
0.334571928,2204
0.566232158,3612
0.201564583,1392
0.395170639,2569
0.051073867,476
0.268065024,1794
0.162452735,1152
0.250883583,1689
0.5869403,3727
0.188429273,1308
0.069921251,589
0.845780822,5291
0.20780586,1422
0.474044635,3032
0.370765811,2407
1.336494826,8235
0.304343468,2001
0.316281701,2072
0.100834992,772
0.414097733,2659
0.186622572,1287
1.005168718,6206
0.464572197,2956
0.102052109,776
0.310653138,2027
0.413489562,2643
0.423786979,2704
0.045704913,437
0.448208829,2845
0.311380028,2026
0.146974972,1042
0.093373682,721
0.259262545,1709
0.888163838,5460
0.28571894,1858
0.095624581,727
0.080610388,638
0.037601875,383
0.259571609,1695
0.258162551,1686
0.179074916,1218
0.461210858,2882
0.264811293,1722
0.194216398,1304
0.02600933,313
0.134242471,947
0.107624084,790
0.267314504,1723
0.185148675,1242
0.26076274,1684
0.157545322,1079
0.236509304,1540
0.218816663,1435
0.027047044,316
0.325164726,2053
0.287337073,1830
0.251241487,1615
0.166486961,1122
0.4579298,2809
0.25969466,1661
0.060903449,510
0.318704058,2002
0.096963385,718
0.586288349,3547
0.206799333,1350
0.045812929,421
0.801258602,4767
0.323327019,2016
0.045959041,420
0.13715978,943
0.314470975,1960
0.326919722,2030
0.513508297,3099
0.168135071,1119
0.055062149,471
0.106053982,763
0.097988295,716
0.219868998,1413
0.524708294,3156
0.13678257,936
0.037981579,372
0.267151414,1678
0.169213684,1117
0.229960292,1462
0.177347208,1160
0.188537559,1223
0.197370935,1273
0.183352086,1193
0.446524979,2684
0.464893086,2788
0.466884744,2798
0.083962442,629
0.27816779,1727
0.096610359,700
0.289066774,1788
0.106239054,754
0.368336186,2234
0.206567346,1320
0.192637373,1240
0.119128934,825
0.178913171,1162
0.137239636,927
0.583664259,3442
0.273848052,1694
0.088384808,650
0.222323396,1403
0.080260657,604
0.280678898,1728
0.304058654,1856
0.053327918,451
0.202684229,1285
0.366910464,2203
0.068062835,532
0.095915244,687
0.08104348,604
0.290581258,1771
0.21738882,1363
0.421675027,2500
0.095858902,685
0.128162828,864
0.360916735,2158
0.833457783,4782
0.998149515,5697
0.824590229,4729
0.199254762,1257
0.373029496,2221
0.045457781,403
0.417447634,2466
0.195891811,1237
0.394793385,2336
0.085420022,623
0.112030284,769
0.318024913,1903
0.517218501,2994
0.180649962,1143
0.229384563,1409
0.151603848,981
0.302969521,1809
0.435014028,2530
0.317238709,1885
0.303066582,1806
0.236769702,1443
0.326304412,1932
0.037040527,351
0.029260176,308
0.136989562,895
0.196197226,1212
0.165698044,1046
0.258893125,1551
0.551977544,3139
0.156335953,990
0.330809852,1931
0.370981349,2147
0.164766341,1035
0.339830953,1976
0.281579244,1662
0.410821574,2357
0.371348419,2141
0.02479508,279
0.325555965,1889
0.54796271,3073
0.046372985,393
0.037212257,344
0.237412526,1413
0.24523803,1454
0.202152362,1224
0.234055549,1394
0.197604503,1199
0.122664003,799
0.271252125,1589
0.895325536,4908
0.322009476,1857
0.540557364,3018
0.28545325,1661
0.166754975,1030
0.345029325,1976
0.274771333,1603
0.278164672,1621
0.144907598,913
0.070443448,517
0.206582822,1237
0.297127808,1716
0.312653292,1798
0.672767283,3703
0.236880994,1397
0.28432335,1647
0.24184724,1421
0.742383559,4059
0.338293035,1926
0.173217844,1056
0.232576969,1368
0.136238122,860
0.128733982,820
0.055740283,436
0.01490261,221
0.347021269,1964
0.177850984,1076
0.422707543,2360
0.436047543,2425
0.54467664,2986
0.216616492,1273
0.179969267,1081
0.182438028,1093
0.111449581,722
0.177555514,1066
0.033699209,317
0.404185525,2245
0.340677196,1913
1.079521369,5723
0.083492941,572
0.406100847,2238
0.04737241,385
0.294688885,1662
0.283657091,1604
0.394484912,2175
0.151629874,918
0.106034221,683
0.393286545,2155
0.108072491,693
0.176178,1041
0.219429795,1262
0.197937722,1152
0.218855676,1259
0.433470751,2357
0.186670894,1093
0.249120985,1412
0.23721736,1347
0.238474625,1353
0.310230602,1716
0.10364442,665
0.253362325,1424
0.245402047,1381
0.423185782,2280
0.065272839,468
0.138354766,835
0.11992951,742
0.168297272,985
0.262589818,1460
0.171021736,998
0.280901743,1551
0.231659457,1302
0.82640343,4290
0.311541768,1700
0.297941631,1631
0.525756827,2771
0.111809561,696
0.238841732,1332
0.491109795,2591
0.112777731,699
0.148291583,875
0.26944935,1479
0.570747404,2980
0.409942021,2174
0.21864145,1221
0.287848314,1563
0.371504016,1978
0.36767587,1959
0.236994819,1310
0.298633516,1615
0.073112756,497
0.088463842,573
0.172892053,991
0.040298938,334
0.280977252,1522
0.181227164,1029
0.297243247,1600
0.291883432,1573
0.269946284,1464
0.340049352,1809
0.189245711,1065
0.265323278,1439
0.470642075,2449
0.743036267,3779
0.143658071,838
0.327604061,1736
0.124311019,741
0.566957194,2903
0.161372063,921
0.438184415,2273
0.720918265,3648
0.301596253,1603
0.81655451,4106
0.543490719,2776
0.109809839,666
0.218748215,1195
0.324119315,1705
0.589346423,2989
0.385383013,1999
0.231019061,1251
0.3110574,1637
0.166672193,938
0.24750432,1327
0.056289571,403
0.215068583,1169
0.515217819,2615
0.440420018,2253
0.387118602,1996
0.220655048,1194
0.368014626,1902
0.208423835,1131
0.219097571,1182
0.057836082,407
0.23478854,1254
0.221648969,1190
0.406990254,2076
0.143582752,816
0.124954943,726
0.143733258,815
0.176942134,973
0.273463161,1433
0.068736066,457
0.042740851,333
0.367117659,1877
0.200135393,1079
0.375529874,1910
0.342037144,1747
0.33877292,1731
0.335853268,1717
0.314939812,1618
0.362369111,1842
0.428216401,2150
0.765486894,3739
0.241130154,1263
0.152552408,846
0.327267783,1668
0.129009595,735
0.064981529,433
0.174428017,947
0.287531851,1478
0.325114118,1654
0.07804298,494
0.054431514,383
0.039021537,310
0.211087404,1115
0.198599607,1056
0.19592796,1043
0.507612161,2500
0.588672012,2874
0.234052389,1219
0.298979012,1521
0.20303338,1072
0.138650894,772
0.193710083,1028
0.440340214,2175
0.183821902,981
1.44737625,6842
0.164528207,889
0.18007604,961
0.396083292,1961
0.187795002,996
0.041672958,319
0.042419529,322
0.059570148,401
0.038386396,303
0.200316765,1051
0.14170341,779
0.237115989,1218
0.26989895,1369
0.147089836,803
0.168574369,901
0.043430765,325
0.154996256,838
0.294064096,1477
0.039816051,308
0.098344599,577
0.111249088,634
0.279891599,1406
0.189569138,992
0.115343599,652
0.043878739,325
0.440673593,2139
0.285456248,1428
0.085571273,514
0.084123276,506
0.620512269,2944
0.327194407,1609
0.121820678,676
0.10549944,601
0.259436947,1298
0.297030976,1468
0.183373579,953
0.152979518,815
0.126090831,693
0.175508513,914
0.185730604,960
0.896249563,4158
0.287641554,1417
0.30124741,1478
0.147531853,785
0.337751261,1638
0.132197346,714
0.048571681,339
0.260293312,1284
0.123113516,671
0.21430917,1078
0.217568104,1092
0.216726297,1088
0.210404254,1058
0.048506525,337
0.107599371,600
0.306094688,1482
0.049288547,340
0.383929479,1826
0.297489133,1441
0.17059353,877
0.263512311,1287
0.246129862,1209
0.146997063,770
0.167831617,862
0.177919327,906
0.190658503,962
0.225903243,1117
0.253825739,1238
0.272617837,1320
0.227600814,1121
0.179898986,911
0.203734539,1015
0.058873636,378
0.225458994,1109
0.66887121,3055
0.166955708,852
0.137398524,722
0.175944061,891
0.163432728,836
0.226433939,1112
0.221987275,1091
0.175143877,885
0.083094626,482
0.144716784,751
0.106742101,584
0.302447649,1437
0.762167725,3441
0.134782967,706
0.418849726,1943
0.310356873,1470
0.145625461,752
0.043873314,309
0.138417278,720
0.263864074,1265
0.285516038,1358
0.199924056,986
0.064813704,399
0.46516502,2135
0.219218457,1068
0.071120741,426
0.087557974,497
0.24209056,1163
0.143490022,737
0.146429209,749
0.039133972,286
0.166002989,833
0.260741695,1241
0.063300763,390
0.195202764,958
0.230967136,1110
0.266456929,1258
0.146265587,742
0.086008693,484
0.596090346,2665
0.046551144,315
0.136465809,699
0.152079322,765
0.325624016,1504
0.333618948,1538
0.13175489,677
0.159700141,796
0.184847256,903
0.207633372,1000
0.280529193,1310
0.236338839,1121
0.276564751,1292
0.441206648,1992
0.267464992,1252
0.191117579,927
0.217794868,1040
0.215261247,1029
0.41435386,1873
0.239890582,1132
0.159806757,791
0.035976098,267
0.79115878,3459
0.127574129,654
0.287658569,1329
0.179902354,874
0.191348605,922
0.111763091,586
0.199052684,954
0.188229237,908
0.31065602,1424
0.109331045,574
0.143481472,717
0.185065633,891
0.48240683,2139
0.259798538,1204
0.379116249,1704
0.170145314,827
0.654692728,2857
0.681360161,2963
0.264625865,1220
0.263334378,1214
0.546918677,2396
0.274763914,1260
0.150170927,740
0.408373622,1817
0.227653766,1062
0.442036961,1952
0.285856482,1302
0.12982846,650
0.542201915,2357
0.174658197,835
0.218522607,1013
0.546614927,2363
0.025774641,218
0.329732197,1468
0.332543559,1479
0.271349579,1226
0.074028008,415
0.197607899,921
0.128301626,637
0.120260215,604
0.189977895,889
0.301724143,1343
0.392109062,1712
0.22538666,1030
0.655089145,2779
0.211124369,970
0.152992718,733
0.074895938,414
0.424429561,1830
0.211772173,968
0.165196161,779
0.088613011,468
0.247738633,1111
0.373276151,1616
0.157248292,744
0.356794072,1544
0.17678098,819
0.064776865,369
0.207885788,943
0.032902952,241
0.217724347,982
0.423473504,1806
0.359419784,1549
0.35167196,1515
0.333973868,1444
1.356216199,5531
0.145702289,691
0.120371124,588
0.597221064,2485
0.262448098,1150
0.235500853,1041
0.183819108,836
0.201508432,905
0.33014365,1414
0.307479937,1319
0.899422539,3650
0.11383039,555
0.323427961,1379
0.372499858,1571
0.241510516,1055
0.214788359,949
0.152928046,706
0.273476173,1178
0.10816481,530
0.089561561,457
0.246959468,1071
0.091352462,463
0.152270152,699
0.522625713,2140
0.275951187,1179
0.48945044,2006
0.496999773,2034
0.445741227,1835
0.105207857,513
0.323310069,1358
0.199386513,874
0.206422169,901
0.330209037,1375
0.153602089,695
0.140061387,641
0.305457181,1273
0.175121164,774
0.145348525,660
0.378914388,1552
0.271527614,1139
0.024759301,198
0.109093206,519
0.223589351,955
0.219511554,939
0.210901565,906
0.236732871,1002
0.133292054,609
0.376841877,1532
0.264828642,1107
0.153955353,686
0.244512161,1028
0.156371937,694
0.155971156,692
0.033444939,229
0.050445532,293
0.204468564,873
0.217065141,920
0.217449399,919
0.174112173,756
0.231598355,971
0.279473708,1150
0.080132758,402
0.138083645,619
0.369166638,1484
0.333388989,1346
0.287705217,1174
0.14655891,647
0.388495977,1547
0.185366601,791
0.136028094,607
0.113454704,523
0.29369207,1192
0.223709354,931
0.725496871,2789
0.303199033,1223
0.217663673,906
0.152458983,664
1.04083216,3946
0.074317734,375
0.301720033,1215
0.348331941,1384
0.231529633,952
0.079973137,394
0.177511605,751
0.16920897,720
0.231992458,947
0.308128617,1225
0.151440035,651
0.281404085,1124
0.167467437,709
0.284540889,1135
0.272746844,1091
0.201753818,831
0.38926903,1508
0.133633454,582
0.161043743,681
0.254153535,1014
0.264227556,1050
0.332873891,1296
0.25261717,1005
0.182938886,754
0.1625546,680
0.127248597,553
0.218788969,880
0.162972061,680
0.222011361,891
0.391346042,1496
0.125621356,546
0.144832843,614
0.154415921,647
0.381327189,1454
0.344493444,1322
0.593358119,2205
0.150305526,630
0.723338196,2661
0.202465837,814
0.290865315,1127
0.436235238,1641
0.123522019,533
0.294453123,1137
0.213404705,849
0.593206546,2187
0.176985848,719
0.077338198,368
0.363490147,1375
0.179994034,729
0.166416342,680
0.398356184,1489
0.171196343,694
0.360491151,1356
0.338017468,1277
0.541153426,1987
0.07295219,350
0.203453057,806
0.297696326,1134
0.372047038,1393
0.33455037,1260
0.136805049,571
0.090575458,410
0.039824088,233
0.514937519,1881
0.366347793,1365
0.047602251,259
0.06411206,316
0.325583187,1218
0.124315444,523
0.253139305,967
0.145063803,593
0.146377068,597
0.169926912,678
1.004337364,3546
0.187663354,738
0.065148459,316
0.380758581,1392
0.240355932,912
0.040634799,231
0.163262655,648
0.260032964,977
0.343841893,1262
0.238934556,901
0.537685942,1907
0.169081931,660
0.32810611,1193
0.181399399,699
0.281797074,1035
0.134543136,541
0.417129926,1486
0.394122578,1409
0.194645722,740
0.141665472,563
0.312384775,1131
0.163375894,634
0.103768566,435
0.232970481,864
0.794250095,2722
0.189307507,716
0.231785069,855
0.05135774,259
0.275719482,998
0.212807849,789
0.058300249,281
0.358010348,1266
0.314666486,1123
0.162286798,621
0.272456643,981
0.509161422,1752
0.155272425,596
0.241984636,879
0.194869553,725
0.21085257,776
0.185938487,694
0.187197627,698
0.211199254,776
0.232230367,844
0.212512939,777
0.034943031,201
0.280990835,996
0.26347577,938
0.270069322,957
0.36647217,1264
0.048569665,243
0.142786405,545
0.277355183,975
0.256036895,906
0.508943628,1714
0.073950341,323
0.12848042,497
0.209905306,755
0.201927671,729
0.337949248,1161
0.040145948,214
0.149350972,559
0.351217824,1198
0.298330651,1030
0.031916889,187
0.183079423,665
0.274273928,952
0.36326315,1232
0.145269074,544
0.178562888,649
0.077449843,330
1.042327258,3364
0.587598406,1928
0.188946421,677
0.214321513,754
0.241430141,838
0.296286015,1009
0.078635253,330
0.038263113,204
0.162782223,590
0.032064416,184
0.166675528,602
0.203421121,716
0.293985,991
0.2531813,865
0.124937235,469
0.250961167,853
0.235820873,805
0.23041329,788
0.085294082,344
0.14863688,537
0.207518281,716
0.038454037,200
0.149155787,537
0.349484024,1146
0.18749788,653
0.635597092,2014
0.226627647,769
0.170876053,600
0.484809555,1551
0.248016105,833
0.318419998,1045
0.228785645,773
0.152495982,541
0.095387754,367
0.032602814,179
0.191273719,654
0.266394504,878
0.246001192,813
0.059202855,257
0.2698588,883
0.279052009,909
0.573975707,1784
0.299318139,967
0.075821192,305
0.311776802,1003
0.27508591,894
0.145113985,509
0.932185244,2831
0.218909598,726
0.251850359,821
0.181949162,615
0.180233032,609
0.191543441,642
0.307871338,983
0.297454514,952
0.21089873,698
0.247556639,804
0.28796753,921
0.348453512,1097
0.295414144,941
0.187155663,624
0.297018258,943
0.28379214,904
0.152274306,521
0.358930121,1120
0.258358935,828
0.076993941,302
0.864133593,2576
0.190714941,629
0.285873626,903
0.415490781,1276
0.562011327,1697
0.140956296,484
0.24950086,796
0.155979976,525
0.200725383,653
0.289757246,908
0.307394954,957
0.262970725,826
0.177284479,581
0.174501434,573
0.336793524,1034
0.317863772,980
0.339237173,1035
0.280251538,867
0.313631094,961
0.185002436,598
0.085557195,317
0.084025813,312
0.182767392,589
0.187469136,602
0.330259942,1001
0.305691538,932
0.144299449,479
0.137935099,460
0.080154233,299
0.24434466,756
0.245604824,758
0.283099879,862
0.181837432,580
0.268237164,819
0.237701217,734
0.338073986,1012
0.202591861,636
0.317042215,951
0.400163511,1178
0.184682271,584
0.197866094,620
0.231713698,712
0.071068976,270
0.209365077,650
0.345680205,1023
0.289916988,870
0.188042542,589
0.093110623,329
0.047211404,203
0.221328685,678
0.137771414,450
0.166377313,528
0.041059543,186
0.095758814,335
0.248111658,750
0.461524576,1331
0.292001175,869
0.152068964,488
0.224168892,684
0.33648542,989
0.368611044,1075
0.286186318,850
0.084249826,302
0.279493155,831
0.309195322,911
0.251584327,754
0.916194478,2547
0.420545979,1208
0.050341555,209
0.037236055,173
0.577311474,1619
0.192115252,587
0.419947801,1196
0.214616221,646
0.157370394,493
0.156800153,491
0.318730977,923
0.320384632,927
0.451919003,1275
0.940708274,2570
0.338156482,970
0.030845131,154
0.246696979,724
0.238239156,698
0.604504097,1661
0.368767191,1040
0.046346413,193
0.274684278,790
0.036637025,167
0.414530762,1152
0.23089748,673
0.031583431,153
0.253728691,730
0.153798817,470
0.40477273,1121
0.777778516,2089
0.455756199,1250
0.181375687,539
0.368321588,1022
0.114540636,366
0.110693973,356
0.226401201,654
0.30324701,852
0.163737406,492
0.183971438,544
0.608390634,1637
0.440515177,1204
0.414382147,1132
0.207239574,600
0.330923184,910
0.308551806,853
0.041331879,174
0.188721622,548
0.332441933,911
0.312640185,859
0.436954706,1172
0.160024662,472
0.208805654,594
0.25900575,720
0.322948036,877
0.217534803,612
0.309947076,843
0.177071432,510
0.614972434,1603
0.233283737,649
0.709873042,1836
0.071215614,245
0.471245056,1240
0.45781509,1203
0.319554117,859
0.375721771,996
0.340670255,909
0.168993782,484
0.241652686,663
0.060705006,216
0.279434049,753
0.24213279,660
0.076159582,253
0.271539353,731
0.236504752,645
0.281565089,755
0.210448518,581
0.28788736,770
0.205833633,569
0.441344115,1144
0.143647839,417
0.239328467,649
0.23620715,641
0.2975485,786
0.10471363,319
0.29153072,770
0.241304001,646
0.2093087,569
0.068077558,229
0.134805794,388
0.353453004,908
0.350672805,901
0.412744342,1049
0.620708778,1540
0.241435163,637
0.146176434,411
0.163834059,452
0.081192361,256
0.094064146,286
0.294594439,758
0.180372094,487
0.768734143,1862
0.288838675,739
0.134226382,376
0.224150621,585
0.04931243,178
0.07428171,236
0.228259448,593
0.196973975,519
0.294349956,741
0.094571366,280
0.145551513,397
0.24131801,614
0.237977034,604
0.28080102,701
0.14463375,391
0.1344433,367
0.216815859,553
0.203112792,519
0.567223539,1335
0.771306265,1791
0.292667164,715
0.102173863,289
0.29838554,723
0.294616708,714
0.032412356,132
0.123726219,334
0.215238628,535
0.047596064,165
0.242049171,593
0.293814833,707
0.119161513,322
0.299787561,718
0.22028848,542
0.335017533,792
0.249090936,604
0.160075634,409
0.171702493,432
0.149522839,383
0.245645323,591
0.22426903,543
0.450495832,1029
0.304746974,715
0.269936848,640
0.186655362,460
0.288563771,677
0.41645799,951
0.344346615,796
0.37144036,854
0.22414066,538
0.048492025,162
0.276630371,650
0.258449123,611
0.285693406,669
0.248509502,588
0.252790288,597
0.255706235,603
0.284843726,664
0.323015465,745
0.430956871,968
0.168788156,414
0.383596412,867
0.166613313,409
0.062386043,189
0.27693334,638
0.171612678,417
0.13395059,337
0.216362725,509
0.043651603,148
0.112246218,291
0.235088043,547
0.195756534,463
0.370015548,824
0.159019975,386
0.314555944,706
0.281536584,637
0.154643272,375
0.253292546,578
0.092207657,246
0.140999802,346
0.226641757,521
0.231785956,531
0.241947385,549
0.235270488,535
0.283718622,630
0.361570767,787
0.077581991,212
0.352577944,767
0.190061902,438
0.216807608,491
0.229679479,516
0.063037604,181
0.676097728,1404
0.142987974,339
0.271221327,594
0.384113615,818
0.279094297,608
0.256258172,561
0.339356101,725
0.375270519,796
0.326301844,697
0.097654225,246
0.22768459,501
0.246083863,537
0.278420729,600
0.233676915,512
0.389167234,817
0.254241121,552
0.291525314,625
0.240660412,524
0.204139177,452
0.219515829,482
0.273879022,588
0.314389194,666
0.218489635,479
0.254952264,545
0.17990547,400
0.157098993,354
0.186345232,410
0.34673281,717
0.133266852,305
0.215981993,462
0.566968593,1127
0.395670936,802
0.266268794,556
0.440686431,884
0.147591933,328
0.060251064,164
0.252877177,524
0.266878135,548
0.26236249,539
0.035670596,117
0.224047466,467
0.174125806,374
0.474821281,928
0.323036506,645
0.436260834,852
0.314064566,626
0.239522344,488
0.210733496,434
0.045162929,131
0.247303206,497
0.273334363,544
0.167508341,349
0.366012571,704
0.045094019,129
0.569686669,1061
0.159044595,331
0.261841154,513
0.293524202,567
0.308024596,592
0.446944395,837
0.147498338,307
0.24853089,483
0.256172303,496
0.271703279,522
0.07132348,172
0.184974029,370
0.397899923,741
0.262946499,505
0.180745633,361
0.266680875,508
0.17184676,344
0.371442557,688
0.116539832,248
0.258583546,493
0.821248068,1462
0.251316112,479
0.298380768,559
0.284559979,535
0.222798186,429
0.300337437,561
0.071763727,169
0.203882118,394
0.259783712,489
0.086200899,193
0.336516788,619
0.278331855,516
0.318189968,581
0.702751168,1227
0.383575561,689
0.577897335,1014
0.297100949,543
0.177239258,342
0.145793705,289
0.125164117,254
0.202241897,382
0.306804153,555
0.264040362,483
0.255130102,468
0.35023445,625
0.082876758,182
0.202521669,379
0.537177762,930
0.194416121,364
0.314212252,559
0.268713785,482
0.201273075,372
0.173820582,327
0.159164869,303
0.199684185,368
0.244566873,440
0.17611054,328
0.308164081,540
0.57648674,972
0.420925604,719
0.536205728,902
0.843104868,1392
0.149129421,282
0.205360802,371
0.211537065,377
0.255492245,445
0.423993642,710
0.287708845,494
0.315737301,536
0.175869496,316
0.248089189,426
0.276556689,470
1.036892803,1644
0.32079035,535
0.32985018,547
0.247341874,420
0.192659958,336
0.379345038,621
0.907506615,1426
0.34921613,574
0.347411875,571
0.255389039,430
0.042509204,106
0.989185888,1545
0.265443685,444
0.241281386,404
0.09882152,189
0.278376216,458
0.433405226,689
0.381590501,611
0.199749564,339
0.164914543,286
0.202054921,341
0.063692454,134
0.260521715,424
0.179943052,305
0.503315203,779
0.36328015,573
0.450167453,700
0.238781261,389
0.260223368,420
0.296294304,472
0.217098658,356
0.262537294,422
0.213225022,350
0.181260451,303
0.179106803,298
0.162120737,272
0.312862058,488
0.22313357,358
0.309840904,478
0.359838615,548
0.394878191,597
0.220643778,349
0.31175516,477
0.208500852,329
0.374075987,558
0.980811155,1388
0.370696424,546
0.953986933,1340
0.357280284,524
0.259858477,391
0.374024617,545
0.529477266,756
0.259459996,389
0.337320027,494
0.136782078,222
0.237050524,356
0.39115885,563
0.272617521,401
0.143759556,228
0.054914527,109
0.317496576,457
0.549448748,762
0.232075902,342
0.354395027,499
0.435002218,601
0.485090787,666
0.57553217,783
0.259511914,372
0.322244611,453
0.395562374,546
0.32549768,455
0.287732999,405
0.326062037,454
0.246846808,351
0.819063444,1079
0.575850383,765
0.163492651,240
0.216601129,306
0.155338622,229
0.623521546,814
0.293804676,400
0.634952948,823
0.264599504,360
0.254682015,346
0.369904571,487
0.26528043,358
0.484760832,626
0.86899028,1088
0.461495326,592
0.253468323,339
0.307705914,401
1.474050302,1794
0.243297913,322
0.426179014,538
0.262414043,343
0.823968384,1004
0.195109148,262
0.23084433,302
0.17664435,236
0.252152281,323
0.462337931,563
0.267956097,339
0.554984217,664
0.440736435,529
0.597479338,704
0.26554184,328
0.751595062,872
0.251989394,312
0.350863792,421
0.364620289,433
0.425161568,498
0.485365207,564
0.405472939,475
0.422514882,489
0.376642518,439
0.412184061,477
0.725496949,816
0.651239361,730
0.229640353,276
0.253899323,302
0.17821941,220
0.283767704,333
0.240311317,285
0.078300952,112
0.282030189,328
0.177896138,214
0.38857929,433
0.745201899,798
0.384257876,422
0.249577929,281
0.277457005,308
0.280698874,311
0.400633252,432
0.15919296,188
0.400518759,431
0.397346613,425
0.800623377,824
0.576030225,596
0.507635307,523
0.680783089,686
0.351013174,358
0.175783407,191
0.695929603,675
0.582187251,566
0.678405795,646
0.153736564,163
0.421541356,401
0.37784394,354
0.514751656,469
0.154569973,156
0.59969754,531
0.182201817,177
0.241988976,223
0.681731183,569
0.697460642,565
0.69869073,560
0.167843241,147
0.189192386,162
0.543694658,415
0.431817509,315
0.385746095,280
0.522101097,368
0.158189907,124
0.140327617,111
0.542219778,365
0.681411379,440
0.164040602,106
0.595156229,339
0.616366448,347
0.619510783,296
0.631598938,244
